Mfg_Part_Num,Part_Desc,E1_Brand,Unilog_Brand,DIB_Brand,Part_Manuf
48-22-3302,48-22-3302 Milw Mechanical Pencil Replacement Lead,-- Unbranded --,-- No Unilog Brand --,-- No DIB Brand --,Milwaukee Accessory (4031)
48-22-3303,48-22-3303 Milw Mechanical Pencil Replacement Lead-Color,-- Unbranded --,-- No Unilog Brand --,-- No DIB Brand --,Milwaukee Accessory (4031)
TSDKAP218-G2,TSDKAP218-G2 Edge Safety - Khor Black Frame Polarized,-- Unbranded --,-- No Unilog Brand --,-- No DIB Brand --,Edge Eyewear Inc (EDGSA)
XPAP418,XPAP418 Edge Safety Glasses - Pumori Black Frame,-- Unbranded --,-- No Unilog Brand --,-- No DIB Brand --,Edge Eyewear Inc (EDGSA)
XDAP419,XDAP419 Edge Safety Glasses - Dawson Black Frame Red Lenses,-- Unbranded --,-- No Unilog Brand --,-- No DIB Brand --,Edge Eyewear Inc (EDGSA)
XB11PCVS,XB11PCVS Edge Safety Glasses - Photochromic Lense,-- Unbranded --,-- No Unilog Brand --,-- No DIB Brand --,Edge Eyewear Inc (EDGSA)
KB121VS,KB121VS Edge Safety Glasses - Kabru Black Frame,-- Unbranded --,-- No Unilog Brand --,-- No DIB Brand --,Edge Eyewear Inc (EDGSA)
KB126VS,KB126VS Edge Safety Glasses - Kabru Black Frame,-- Unbranded --,-- No Unilog Brand --,-- No DIB Brand --,Edge Eyewear Inc (EDGSA)
TC121VS,TC121VS Edge Safety Glasses - Tacana Black Frame,-- Unbranded --,-- No Unilog Brand --,-- No DIB Brand --,Edge Eyewear Inc (EDGSA)
TC126VS,TC126VS Edge Safety Glasses - Tacana Black Frame,-- Unbranded --,-- No Unilog Brand --,-- No DIB Brand --,Edge Eyewear Inc (EDGSA)
MK113MPAP,MK113MPAP Edge Safety Glasses - Makalu Black Frame Polarized,-- Unbranded --,-- No Unilog Brand --,-- No DIB Brand --,Edge Eyewear Inc (EDGSA)
LS117MPAP,LS117MPAP Edge Safety Glasses - Lassen Black Frame Polarized,-- Unbranded --,-- No Unilog Brand --,-- No DIB Brand --,Edge Eyewear Inc (EDGSA)
FE-EFX-6L,FEEFX6L Lith Fire Extinguisher,-- Unbranded --,-- No Unilog Brand --,-- No DIB Brand --,Ohio Firewatch Protection Inc (HOLFS)
FE-EFX-9L,FEEFX9L Lith Fire Extinguisher,-- Unbranded --,-- No Unilog Brand --,-- No DIB Brand --,Ohio Firewatch Protection Inc (HOLFS)
1046793,1046793 Smoke & CO Alarm,-- Unbranded --,-- No Unilog Brand --,First Alert,First Alert - B R K Brands (2754)
1046870,1046870 Smoke & CO Alarm,-- Unbranded --,-- No Unilog Brand --,BRK,First Alert - B R K Brands (2754)
M701B-21L,M701B-21L Milw L Black Heated Work Glove Liners,-- Unbranded --,-- No Unilog Brand --,-- No DIB Brand --,Milwaukee Accessory (4031)
M701B-21M,M701B-21M Milw M Black Heated Work Glove Liners,-- Unbranded --,-- No Unilog Brand --,-- No DIB Brand --,Milwaukee Accessory (4031)
M701B-21S,M701B-21S Milw S Black Heated Work Glove Liners,-- Unbranded --,-- No Unilog Brand --,-- No DIB Brand --,Milwaukee Accessory (4031)
M701B-21XL,M701B-21XL Milw XL Black Heated Work Glove Liners,-- Unbranded --,-- No Unilog Brand --,-- No DIB Brand --,Milwaukee Accessory (4031)
MWUG42010124,UTW Pro Heated Glove Blk XS,-- Unbranded --,-- No Unilog Brand --,-- No DIB Brand --,Tech Gear 5.7 Inc (TECGE)
MWUG42010224,UTW Pro Heated Glove Blk SM,-- Unbranded --,-- No Unilog Brand --,-- No DIB Brand --,Tech Gear 5.7 Inc (TECGE)
MWUG42010324,UTW Pro Heated Glove Blk MD,-- Unbranded --,-- No Unilog Brand --,-- No DIB Brand --,Tech Gear 5.7 Inc (TECGE)
MWUG42010424,UTW Pro Heated Glove Blk LG,-- Unbranded --,-- No Unilog Brand --,-- No DIB Brand --,Tech Gear 5.7 Inc (TECGE)
MWUG42010524,UTW Pro Heated Glove Blk XL,-- Unbranded --,-- No Unilog Brand --,-- No DIB Brand --,Tech Gear 5.7 Inc (TECGE)
MWUG42010624,UTW Pro Heated Glove Blk 2X,-- Unbranded --,-- No Unilog Brand --,-- No DIB Brand --,Tech Gear 5.7 Inc (TECGE)
MWUG36010225,MWUG36010225 BLK SM Aerial Snow Heated Glove,-- Unbranded --,-- No Unilog Brand --,-- No DIB Brand --,Tech Gear 5.7 Inc (TECGE)
MWUG36010325,MWUG36010325 BLK MD Aerial Snow Heated Glove,-- Unbranded --,-- No Unilog Brand --,-- No DIB Brand --,Tech Gear 5.7 Inc (TECGE)
MWUG36010425,MWUG36010425 BLK LG Aerial Snow Heated Glove,-- Unbranded --,-- No Unilog Brand --,-- No DIB Brand --,Tech Gear 5.7 Inc (TECGE)
MWUG36010525,MWUG36010525 BLK XL Aerial Snow Heated Glove,-- Unbranded --,-- No Unilog Brand --,-- No DIB Brand --,Tech Gear 5.7 Inc (TECGE)
MWUG36010625,MWUG36010625 BLK 2X Aerial Snow Heated Glove,-- Unbranded --,-- No Unilog Brand --,-- No DIB Brand --,Tech Gear 5.7 Inc (TECGE)
DPG15,DPG15 Dewalt AM/FM Hearing Protector,-- Unbranded --,-- No Unilog Brand --,-- No DIB Brand --,Radians (7363)
F200B-21L,F200B-21L Milw M12 Womens - BLK Heated Hoodie Kit L,-- Unbranded --,-- No Unilog Brand --,-- No DIB Brand --,Milwaukee Accessory (4031)
F200B-21M,F200B-21M Milw M12 Womens - BLK Heated Hoodie Kit M,-- Unbranded --,-- No Unilog Brand --,-- No DIB Brand --,Milwaukee Accessory (4031)
M200B-21L,M200B-21L Milw M12 BLK - Heated Hoodie Kit L,-- Unbranded --,-- No Unilog Brand --,-- No DIB Brand --,Milwaukee Accessory (4031)
M200B-21M,M200B-21M Milw M12 BLK - Heated Hoodie Kit M,-- Unbranded --,-- No Unilog Brand --,-- No DIB Brand --,Milwaukee Accessory (4031)
M200B-21XL,M200B-21XL Milw M12 BLK - Heated Hoodie Kit XL,-- Unbranded --,-- No Unilog Brand --,-- No DIB Brand --,Milwaukee Accessory (4031)
M200G-21L,M200G-21L Milw M12 Gray - Heated Hoodie Kit L,-- Unbranded --,-- No Unilog Brand --,-- No DIB Brand --,Milwaukee Accessory (4031)
M200G-21M,M200G-21M Milw M12 Gray - Heated Hoodie Kit M,-- Unbranded --,-- No Unilog Brand --,-- No DIB Brand --,Milwaukee Accessory (4031)
M200G-21XL,M200G-21XL Milw M12 Gray - Heated Hoodie Kit XL,-- Unbranded --,-- No Unilog Brand --,-- No DIB Brand --,Milwaukee Accessory (4031)
48-11-2330,48-11-2330 Milw Heated Gear Power Source,-- Unbranded --,-- No Unilog Brand --,-- No DIB Brand --,Milwaukee Accessory (4031)
DCBP250C,DCBP520C Dewalt Starter Kit,-- Unbranded --,-- No Unilog Brand --,DEWALT,Black & Decker/dewlt (2585)
5328,5328 Lg. Leather Phone Holster - Clip-on,-- Unbranded --,-- No Unilog Brand --,-- No DIB Brand --,-
3200-20,3200-20 Milw Voltage Detector,-- Unbranded --,-- No Unilog Brand --,-- No DIB Brand --,Milwaukee Accessory (4031)
3202-20,3202-20 Milw Voltage Detector w/ LED,-- Unbranded --,-- No Unilog Brand --,-- No DIB Brand --,Milwaukee Accessory (4031)
3203-20,3203-20 Milw Dual Range Voltage Detector w/ LED,-- Unbranded --,-- No Unilog Brand --,-- No DIB Brand --,Milwaukee Accessory (4031)
BC-12300,"BC-12300 BigCal 12""/300mm",-- Unbranded --,-- No Unilog Brand --,-- No DIB Brand --,Woodpeckers Inc (WOODP)
BC-24600,"BC-24600 BigCal 24""/600mm",-- Unbranded --,-- No Unilog Brand --,-- No DIB Brand --,Woodpeckers Inc (WOODP)
DW08302CG,DW08302CG Dewalt Laser - Green 3 Spot,-- Unbranded --,-- No Unilog Brand --,DEWALT,Black & Decker/dewlt (2585)
GCL165-42GL,GCL165--42GL Cross Line Laser,-- Unbranded --,-- No Unilog Brand --,-- No DIB Brand --,Robt Bosch Tool Corp (6564)
DW08802CG,DW08802CG Dewalt Laser Green - Self-Level Cross Line,-- Unbranded --,-- No Unilog Brand --,DEWALT,Black & Decker/dewlt (2585)
DW088CG,DW088CG Dewalt Laser - Green Cross Line,-- Unbranded --,-- No Unilog Brand --,DEWALT,Black & Decker/dewlt (2585)
DW089CG,DW089CG Dewalt Laser Level - 3 Line 30ft Range,-- Unbranded --,-- No Unilog Brand --,DEWALT,Black & Decker/dewlt (2585)
DCLE34520GB,DCLE34520GB Dewalt Laser 20V - Cross Line 5 Spot (Bare),-- Unbranded --,-- No Unilog Brand --,DEWALT,Black & Decker/dewlt (2585)
DCLE34031B,DCLE34031B Dewalt Line Laser - 20V Self-Leveling (Bare),-- Unbranded --,-- No Unilog Brand --,DEWALT,Black & Decker/dewlt (2585)
DW0822CG,DW0822CG Dewalt Cross Line - Plumb Spots Laser-Green,-- Unbranded --,-- No Unilog Brand --,DEWALT,Black & Decker/dewlt (2585)
25459,25459 Mason Line Brd Orange - 500',-- Unbranded --,-- No Unilog Brand --,-- No DIB Brand --,U S Tape Company (6694)
35459,35459 Mason Line Brd Orange - 500' Replacement,-- Unbranded --,-- No Unilog Brand --,-- No DIB Brand --,U S Tape Company (6694)
25759,25759 Mason Line Brd Orange - 1000',-- Unbranded --,-- No Unilog Brand --,-- No DIB Brand --,U S Tape Company (6694)
35112,35112 Mason Line Twist Yellow - 270',-- Unbranded --,-- No Unilog Brand --,-- No DIB Brand --,U S Tape Company (6694)
35115,35115 Mason Line Twist Green - 270',-- Unbranded --,-- No Unilog Brand --,-- No DIB Brand --,U S Tape Company (6694)
25168,25168 Mason Line Brd Green - 250',CENTURY COMPONENTS,-- No Unilog Brand --,-- No DIB Brand --,U S Tape Company (6694)
35468,35468 Mason Line Brd Green - 500' Replacement,-- Unbranded --,-- No Unilog Brand --,-- No DIB Brand --,U S Tape Company (6694)
35494,35494 Mason Line Brd Blk/Yellw - 500' Replacement,-- Unbranded --,-- No Unilog Brand --,-- No DIB Brand --,U S Tape Company (6694)
MLSQ0120,"MLSQ0120 Milw 12"" RafterSquare",-- Unbranded --,-- No Unilog Brand --,-- No DIB Brand --,Milwaukee Accessory (4031)
MLSQ1120,MLSQ1120 Milw 300mm Rafter - Square (Metric),-- Unbranded --,-- No Unilog Brand --,-- No DIB Brand --,Milwaukee Accessory (4031)
55227,"55227 Amana Countersink/Stop 1/8"" Drill TB",-- Unbranded --,-- No Unilog Brand --,-- No DIB Brand --,Amana Tool Corp (AMATO)
37300952,"095842 Fisch Plug Cutter 3/8""",-- Unbranded --,-- No Unilog Brand --,-- No DIB Brand --,-
6008,6008 Whiteside Router Bit,-- Unbranded --,-- No Unilog Brand --,-- No DIB Brand --,Whiteside Machine & Repair Co (WHIMA)
6009,6009 Whiteside Router Bit,-- Unbranded --,-- No Unilog Brand --,-- No DIB Brand --,Whiteside Machine & Repair Co (WHIMA)
3000A,3000A Whiteside Router Bit,-- Unbranded --,-- No Unilog Brand --,-- No DIB Brand --,Whiteside Machine & Repair Co (WHIMA)
MID6630201US,MID6630201US Deos663XCV Sander,-- Unbranded --,-- No Unilog Brand --,-- No DIB Brand --,Mirka Abrasives Inc (MIRUS)
DCF6202,DCF6202 Dewalt Collated Attach,-- Unbranded --,-- No Unilog Brand --,DEWALT,Black & Decker/dewlt (2585)
25468,25468 Mason Line Brd Green - 500',-- Unbranded --,-- No Unilog Brand --,-- No DIB Brand --,U S Tape Company (6694)
25762,25762 Mason Line Brd Pink - 1000',-- Unbranded --,-- No Unilog Brand --,-- No DIB Brand --,U S Tape Company (6694)
21839NN,"21839NN File Bstd Mill 10""",-- Unbranded --,-- No Unilog Brand --,Nicholson,-
VN56920,"VN56920 10 1/2"" Saw Blade",-- Unbranded --,-- No Unilog Brand --,-- No DIB Brand --,Marshalltown Trowel (5155)
133164,133164 950/9 Hex Plus Spks - Multicolor,-- Unbranded --,-- No Unilog Brand --,-- No DIB Brand --,Wera Tools NA Inc (WERTO)
DWHT10993,DWHT10993 Folding Knife,-- Unbranded --,-- No Unilog Brand --,DEWALT,Black & Decker/dewlt (2585)
DWHT10994,DWHT10994 Folding Knife,-- Unbranded --,-- No Unilog Brand --,DEWALT,Black & Decker/dewlt (2585)
QB22RU,QB22RU Vessel Carrying Bit Holder (Red),-- Unbranded --,-- No Unilog Brand --,-- No DIB Brand --,Vessel Tools USA Inc (VESTO)
QB22KU,QB22KU Vessel Carrying Bit Holder (Black),-- Unbranded --,-- No Unilog Brand --,-- No DIB Brand --,Vessel Tools USA Inc (VESTO)
AVM6EV,AVM6 EV Mini Snip Red,-- Unbranded --,-- No Unilog Brand --,-- No DIB Brand --,Malco Prod (2370)
AVM6EV,AVM7 EV Mini Snip Green,-- Unbranded --,-- No Unilog Brand --,-- No DIB Brand --,Malco Prod (2370)
DSA0250B,"DSA0250B 1/4"" Square x1/4"" Hex - Socket Adapter",-- Unbranded --,-- No Unilog Brand --,Diablo,Freud Inc (2435)
DSA0375B,"DSA0375B 3/8"" Square x1/4"" Hex - Socket Adapter",-- Unbranded --,-- No Unilog Brand --,Diablo,Freud Inc (2435)
DSA0500B,"DSA0500B 1/2"" Square x1/4"" Hex - Socket Adapter",-- Unbranded --,-- No Unilog Brand --,Diablo,Freud Inc (2435)
42-04-9107,"42-04-9107 Milw 3/8"" Drive Universal Joint",-- Unbranded --,-- No Unilog Brand --,-- No DIB Brand --,Milwaukee Accessory (4031)
48-22-9491,48-22-9491 Milw 242pc Ratchet & Socket Set 4-Drawer Tool Box,-- Unbranded --,-- No Unilog Brand --,-- No DIB Brand --,Milwaukee Accessory (4031)
DWMT45422,"DWMT45422 Dewalt 1/4"" Drive - 50pc Mechanics Set",-- Unbranded --,-- No Unilog Brand --,-- No DIB Brand --,Black & Decker/dewlt (2585)
DWMT45424,"DWMT45424 Dewalt 3/8"" Drive - 84pc Mechanics Set",-- Unbranded --,-- No Unilog Brand --,-- No DIB Brand --,Black & Decker/dewlt (2585)
48-22-9483,48-22-9483 Milw Packout 15pc - Metric Wrench Set,-- Unbranded --,-- No Unilog Brand --,-- No DIB Brand --,Milwaukee Accessory (4031)
48-22-9484,48-22-9484 Milw Packout 15pc - SAE Wrench Set,-- Unbranded --,-- No Unilog Brand --,-- No DIB Brand --,Milwaukee Accessory (4031)
48-22-9485,48-22-9485 Milw Packout 30pc - Metric & SAE Wrench Set,-- Unbranded --,-- No Unilog Brand --,-- No DIB Brand --,Milwaukee Accessory (4031)
48-44-2770,48-44-2770 Milw Pole Pruning - Shears Replacement Blade,-- Unbranded --,-- No Unilog Brand --,-- No DIB Brand --,Milwaukee Accessory (4031)
IWHT48441RC,IWHT48441RC Irwin 100ft - Red Chalk & Reel Set,-- Unbranded --,-- No Unilog Brand --,Irwin,Irwin Industrial Tools (5863)
XRU23SM1,"XRU23SM1 Makita 18V 13"" - String Trimmer Kit",-- Unbranded --,-- No Unilog Brand --,-- No DIB Brand --,Makita Usa Inc (5142)
XRU15PT1,XRU15PT1 Makita String Trimmer,-- Unbranded --,-- No Unilog Brand --,-- No DIB Brand --,Makita Usa Inc (5142)
XRU23Z,XRU23Z Makita 18V Trimmer Tool - Only,-- Unbranded --,-- No Unilog Brand --,-- No DIB Brand --,Makita Usa Inc (5142)
0887-20,0887-20 Milw M18 Brushless Precision Blower,-- Unbranded --,-- No Unilog Brand --,-- No DIB Brand --,Milwaukee Accessory (4031)
